Team,Name,DraftYr,Position,GamesPlayed,Receptions,Targets,Yards,Avg,Touchdowns,Long,BigPlays,YardsPerGame,Fumble,FumblesLost,YardsAfterCatch,FirstDowns,Year
NO,Michael Thomas,2016,WR,16,149,185,1725,12,9,49,17,108,1,0,582,91,2019
ATL,Julio Jones,2011,WR,15,99,157,1394,14,6,54,21,93,1,0,360,77,2019
TB,Chris Godwin,2017,WR,14,86,121,1333,16,9,71,25,95,0,0,591,63,2019
MIA,DeVante Parker,2015,WR,16,72,128,1202,17,9,51,21,75,0,0,291,58,2019
LAC,Keenan Allen,2013,WR,16,104,149,1199,12,6,45,15,75,0,0,368,63,2019
DET,Kenny Golladay,2017,WR,16,65,116,1190,18,11,75,22,74,1,1,301,52,2019
DAL,Amari Cooper,2015,WR,16,79,119,1189,15,8,53,17,74,0,0,245,54,2019
CAR,DJ Moore,2018,WR,15,87,135,1175,14,4,52,13,78,2,1,403,63,2019
CLE,Jarvis Landry,2014,WR,16,83,138,1174,14,6,65,20,73,0,0,440,55,2019
HOU,DeAndre Hopkins,2013,WR,15,104,150,1165,11,7,43,16,78,0,0,393,68,2019
LAR,Cooper Kupp,2017,WR,16,94,134,1161,12,10,66,21,73,3,0,547,51,2019
TB,Mike Evans,2014,WR,13,67,118,1157,17,8,67,17,89,0,0,276,54,2019
CHI,Allen Robinson,2014,WR,16,98,154,1147,12,7,49,15,72,0,0,279,63,2019
LAR,Robert Woods,2013,WR,15,90,139,1134,13,2,48,14,76,0,0,584,54,2019
MIN,Stefon Diggs,2015,WR,15,63,94,1130,18,6,66,20,75,4,3,308,41,2019
NE,Julian Edelman,#N/A,WR,16,100,153,1117,11,6,44,13,70,3,1,337,54,2019
DEN,Courtland Sutton,2018,WR,16,72,124,1112,15,6,70,18,70,2,0,363,50,2019
DAL,Michael Gallup,2018,WR,14,66,113,1107,17,6,62,18,79,0,0,343,50,2019
BUF,John Brown,2014,WR,15,72,115,1060,15,6,53,17,71,0,0,217,53,2019
SEA,Tyler Lockett,2015,WR,16,82,110,1057,13,8,44,15,66,1,0,314,53,2019
TEN,AJ Brown,2019,WR,16,52,84,1051,20,8,91,15,66,1,0,463,39,2019
CIN,Tyler Boyd,2016,WR,16,90,148,1046,12,5,47,12,65,2,2,358,51,2019
CLE,Odell Beckham,2014,WR,16,74,133,1035,14,4,89,16,65,0,0,331,44,2019
JAX,DJ Chark,2018,WR,15,73,118,1008,14,8,69,17,67,0,0,316,42,2019
LAC,Mike Williams,2017,WR,15,49,90,1001,20,2,56,17,67,0,0,219,41,2019
GB,Davante Adams,2014,WR,12,83,127,997,12,5,58,12,83,2,1,393,54,2019
WSH,Terry McLaurin,2019,WR,14,58,93,919,16,7,75,15,66,0,0,220,43,2019
SEA,DK Metcalf,2019,WR,16,58,100,900,16,7,54,13,56,3,3,278,39,2019
SF,Emmanuel Sanders,2010,WR,17,66,97,869,13,5,75,11,51,0,0,244,41,2019
ATL,Calvin Ridley,2018,WR,13,63,93,866,14,7,36,12,67,0,0,139,47,2019
KC,Tyreek Hill,#N/A,WR,12,58,89,860,15,7,57,11,72,0,0,276,39,2019
NYJ,Jamison Crowder,2015,WR,16,78,122,833,11,6,41,11,52,0,0,357,41,2019
DAL,Randall Cobb,2011,WR,15,55,83,828,15,3,59,15,55,2,1,343,41,2019
ARI,Larry Fitzgerald,#N/A,WR,16,75,109,804,11,4,54,10,50,1,1,358,40,2019
SF,Deebo Samuel,2019,WR,15,57,81,802,14,3,42,17,54,2,1,481,32,2019
DET,Marvin Jones,2012,WR,13,62,91,779,13,9,47,12,60,0,0,121,41,2019
NYJ,Robby Anderson,#N/A,WR,16,52,96,779,15,5,92,13,49,1,0,171,35,2019
BUF,Cole Beasley,#N/A,WR,15,67,106,778,12,6,51,10,52,0,0,344,37,2019
JAX,Chris Conley,2015,WR,16,47,90,775,17,5,70,13,48,0,0,253,36,2019
NYG,Darius Slayton,2019,WR,14,48,84,740,15,8,55,12,53,0,0,198,32,2019
PIT,James Washington,2018,WR,15,44,80,735,17,3,79,13,49,1,1,203,31,2019
ARI,Christian Kirk,2018,WR,13,68,107,709,10,3,69,6,55,0,0,291,31,2019
PIT,Diontae Johnson,2019,WR,16,59,92,680,12,5,45,7,43,3,1,307,31,2019
DET,Danny Amendola,#N/A,WR,15,62,97,678,11,1,47,6,45,0,0,218,36,2019
NYG,Golden Tate,2010,WR,11,49,85,676,14,6,64,10,62,1,1,289,30,2019
KC,Sammy Watkins,2014,WR,14,52,90,673,13,3,68,9,48,2,1,302,30,2019
HOU,Will Fuller,2016,WR,11,49,71,670,14,3,54,10,61,1,0,227,26,2019
JAX,Dede Westbrook,2017,WR,15,66,101,660,10,3,39,10,44,0,0,316,31,2019
CHI,Anthony Miller,2018,WR,16,52,85,656,13,2,35,11,41,0,0,227,34,2019
OAK,Tyrell Williams,#N/A,WR,14,42,64,651,16,6,46,12,47,0,0,204,33,2019
TB,Breshad Perriman,2015,WR,14,36,70,645,18,6,44,15,46,0,0,134,29,2019
CAR,Curtis Samuel,2017,WR,16,54,105,627,12,6,44,8,39,0,0,153,36,2019
IND,Zach Pascal,2017,WR,16,41,72,607,15,5,37,11,38,0,0,234,29,2019
OAK,Hunter Renfrow,2019,WR,13,49,71,605,12,4,65,7,47,0,0,327,31,2019
TEN,Corey Davis,2017,WR,15,43,69,601,14,2,38,10,40,1,0,211,33,2019
BAL,Marquise Brown,2019,WR,14,46,71,584,13,7,83,8,42,0,0,237,24,2019
LAR,Brandin Cooks,2014,WR,14,42,72,583,14,2,57,9,42,0,0,169,32,2019
NYG,Sterling Shepard,2016,WR,10,57,83,576,10,3,36,8,58,0,0,180,29,2019
CIN,Auden Tate,2018,WR,12,40,80,575,14,1,33,8,48,1,1,202,29,2019
HOU,Kenny Stills,2013,WR,13,40,55,561,14,4,45,9,43,0,0,141,27,2019
PIT,JuJu Smith-Schuster,2017,WR,12,42,70,552,13,3,76,7,46,1,1,243,23,2019
KC,Mecole Hardman,2019,WR,16,26,41,538,21,6,83,9,34,0,0,305,18,2019
CIN,Alex Erickson,#N/A,WR,16,43,78,529,12,0,52,5,33,1,0,230,26,2019
NE,Mohamed Sanu,2012,WR,15,59,89,520,9,2,28,3,35,0,0,193,30,2019
CIN,John Ross,2017,WR,8,28,56,506,18,3,66,10,63,1,1,200,22,2019
IND,TY Hilton,2012,WR,10,45,68,501,11,5,35,6,50,0,0,213,24,2019
PHI,Alshon Jeffery,2012,WR,10,43,73,490,11,4,38,6,49,0,0,133,36,2019
GB,Allen Lazard,2018,WR,16,35,52,477,14,3,43,6,30,0,0,145,24,2019
GB,Marquez Valdes-Scantling,2018,WR,16,26,56,452,17,2,74,7,28,0,0,152,14,2019
KC,Demarcus Robinson,2016,WR,16,32,55,449,14,4,44,7,28,0,0,105,19,2019
ATL,Russell Gage,#N/A,WR,16,49,74,446,9,1,19,0,28,0,0,167,25,2019
ATL,Julio Jones,2011,WR,16,113,170,1677,15,8,58,24,105,2,2,448,80,2018
HOU,DeAndre Hopkins,2013,WR,16,115,163,1572,14,11,49,23,98,2,2,348,81,2018
TB,Mike Evans,2014,WR,16,86,139,1524,18,8,72,26,95,1,1,256,69,2018
KC,Tyreek Hill,#N/A,WR,16,87,137,1479,17,12,75,27,92,0,0,489,60,2018
PIT,JuJu Smith-Schuster,2017,WR,16,111,166,1426,13,7,97,18,89,1,1,617,68,2018
NO,Michael Thomas,2016,WR,16,125,147,1405,11,9,72,17,88,2,2,502,75,2018
GB,Davante Adams,2014,WR,15,111,169,1386,13,13,57,18,92,0,0,498,64,2018
MIN,Adam Thielen,#N/A,WR,16,113,153,1373,12,9,68,17,86,1,1,428,74,2018
PIT,Antonio Brown,2010,WR,15,104,168,1297,13,15,78,17,87,0,0,503,63,2018
IND,TY Hilton,2012,WR,14,76,120,1270,17,6,68,22,91,0,0,392,55,2018
LAR,Robert Woods,2013,WR,16,86,130,1219,14,6,39,20,76,0,0,417,66,2018
LAR,Brandin Cooks,2014,WR,16,80,117,1204,15,5,57,22,75,1,0,319,56,2018
LAC,Keenan Allen,2013,WR,16,97,136,1196,12,6,54,13,75,1,1,382,62,2018
DET,Kenny Golladay,2017,WR,15,70,119,1063,15,5,60,19,71,1,0,355,56,2018
NYG,Odell Beckham,2014,WR,12,77,124,1052,14,6,51,17,88,0,0,332,51,2018
CIN,Tyler Boyd,2016,WR,14,76,108,1028,14,7,49,21,73,0,0,431,54,2018
MIN,Stefon Diggs,2015,WR,15,102,149,1021,10,9,75,13,68,0,0,428,49,2018
OAK,Amari Cooper,2015,WR,15,75,107,1005,13,7,90,10,67,2,2,411,53,2018
CLE,Jarvis Landry,2014,WR,16,81,149,976,12,4,51,13,61,1,1,258,44,2018
SEA,Tyler Lockett,2015,WR,16,57,70,965,17,10,52,17,60,1,0,215,37,2018
TEN,Corey Davis,2017,WR,16,65,112,891,14,4,51,15,56,1,0,261,47,2018
NYG,Sterling Shepard,2016,WR,16,66,107,872,13,4,58,12,55,0,0,288,47,2018
DEN,Emmanuel Sanders,2010,WR,12,71,98,868,12,4,64,13,72,1,0,312,37,2018
NE,Julian Edelman,#N/A,WR,12,74,108,850,12,6,36,12,71,0,0,334,41,2018
PHI,Alshon Jeffery,2012,WR,13,65,92,843,13,6,52,9,65,1,0,277,48,2018
TB,Chris Godwin,2017,WR,16,59,95,842,14,7,48,10,53,4,1,242,48,2018
ATL,Mohamed Sanu,2012,WR,16,66,94,838,13,4,44,7,52,2,1,349,41,2018
ATL,Calvin Ridley,2018,WR,16,64,92,821,13,10,75,11,51,2,1,354,39,2018
TB,Adam Humphries,#N/A,WR,16,76,105,816,11,5,51,7,51,0,0,414,48,2018
PHI,Golden Tate,2010,WR,15,74,113,795,11,4,67,9,53,2,0,411,33,2018
CAR,DJ Moore,2018,WR,16,55,82,788,14,2,82,9,49,1,1,406,33,2018
TB,DeSean Jackson,2008,WR,12,41,74,774,19,4,75,13,65,0,0,181,31,2018
CHI,Allen Robinson,2014,WR,13,55,94,754,14,4,43,11,58,1,1,239,36,2018
NYJ,Robby Anderson,#N/A,WR,14,50,94,752,15,6,76,10,54,2,2,170,30,2018
OAK,Jordy Nelson,#N/A,WR,15,63,88,739,12,3,66,7,49,0,0,223,36,2018
NE,Josh Gordon,#N/A,WR,12,41,71,737,18,4,55,12,61,0,0,283,30,2018
PHI,Nelson Agholor,2015,WR,16,64,97,736,12,4,83,10,46,1,0,324,28,2018
ARI,Larry Fitzgerald,#N/A,WR,16,69,112,734,11,6,37,8,46,0,0,210,39,2018
JAX,Dede Westbrook,2017,WR,16,66,101,717,11,5,61,15,45,2,1,361,38,2018
BAL,John Brown,2014,WR,16,42,97,715,17,5,71,11,45,0,0,167,28,2018
DEN,Courtland Sutton,2018,WR,16,42,84,704,17,4,42,16,44,0,0,182,30,2018
CIN,AJ Green,2020,WR,9,46,77,694,15,6,38,12,77,2,1,173,37,2018
CHI,Taylor Gabriel,#N/A,WR,16,67,93,688,10,2,54,7,43,1,1,221,31,2018
HOU,Demaryius Thomas,2010,WR,15,59,89,677,12,5,45,9,45,0,0,287,37,2018
DAL,Cole Beasley,#N/A,WR,16,65,87,672,10,3,32,3,42,0,0,190,39,2018
JAX,Donte Moncrief,2014,WR,16,48,89,668,14,3,80,7,42,1,1,243,28,2018
LAC,Mike Williams,2017,WR,16,43,66,664,15,10,55,11,42,0,0,114,36,2018
LAC,Tyrell Williams,#N/A,WR,16,41,65,653,16,5,75,11,41,2,0,186,30,2018
BUF,Zay Jones,2017,WR,16,56,102,652,12,7,57,7,41,1,0,104,33,2018
BAL,Willie Snead,2014,WR,16,62,95,651,11,1,28,5,41,0,0,275,37,2018
SEA,Doug Baldwin,#N/A,WR,13,50,73,618,12,5,42,9,48,0,0,159,32,2018
BAL,Michael Crabtree,2009,WR,16,54,100,607,11,3,27,6,38,0,0,110,35,2018
ARI,Christian Kirk,2018,WR,12,43,68,590,14,3,75,8,49,0,0,228,21,2018
CLE,Antonio Callaway,2018,WR,16,43,79,586,14,5,71,8,37,1,1,226,27,2018
GB,Marquez Valdes-Scantling,2018,WR,16,38,73,581,15,2,60,8,36,0,0,217,23,2018
MIA,Danny Amendola,#N/A,WR,15,59,79,575,10,1,39,4,38,0,0,220,27,2018
CLE,Rashard Higgins,2016,WR,13,39,53,572,15,4,40,11,44,2,1,104,27,2018
LAR,Cooper Kupp,2017,WR,8,40,55,566,14,6,70,9,71,0,0,302,25,2018
MIA,Kenny Stills,2013,WR,15,37,64,553,15,6,75,7,37,0,0,185,27,2018
CAR,Devin Funchess,2015,WR,14,44,79,549,13,4,27,8,39,0,0,79,35,2018
BUF,Robert Foster,2018,WR,13,27,44,541,20,3,75,9,42,0,0,164,20,2018
NE,Chris Hogan,#N/A,WR,16,35,55,532,15,3,63,11,33,0,0,183,22,2018
WSH,Josh Doctson,2016,WR,15,44,78,532,12,2,32,7,36,0,0,109,31,2018
KC,Sammy Watkins,2014,WR,10,40,55,519,13,3,50,7,52,0,0,246,24,2018
DET,Marvin Jones,2012,WR,9,35,62,508,15,5,39,5,56,0,0,105,27,2018
DAL,Michael Gallup,2018,WR,16,33,68,507,15,2,49,10,32,0,0,145,21,2018
HOU,Will Fuller,2016,WR,7,32,45,503,16,4,73,7,72,0,0,171,23,2018
OAK,Seth Roberts,#N/A,WR,15,45,64,494,11,2,44,7,33,0,0,218,24,2018
CAR,Curtis Samuel,2017,WR,13,39,65,494,13,5,53,6,38,0,0,102,24,2018
JAX,Keelan Cole,#N/A,WR,16,38,70,491,13,1,35,7,31,2,2,124,25,2018
SF,Kendrick Bourne,2017,WR,16,42,66,487,12,4,33,6,30,1,0,135,30,2018
IND,Chester Rogers,#N/A,WR,16,53,72,485,9,2,34,5,30,0,0,255,28,2018
PIT,Antonio Brown,2010,WR,14,101,162,1533,15,9,57,27,110,3,0,492,71,2017
ATL,Julio Jones,2011,WR,16,88,149,1444,16,3,53,23,90,0,0,457,67,2017
LAC,Keenan Allen,2013,WR,16,102,159,1393,14,6,51,18,87,1,0,458,74,2017
HOU,DeAndre Hopkins,2013,WR,15,96,176,1378,14,13,72,24,92,1,1,349,69,2017
MIN,Adam Thielen,#N/A,WR,16,91,143,1276,14,4,65,20,80,3,2,422,59,2017
NO,Michael Thomas,2016,WR,16,104,149,1245,12,5,43,22,78,0,0,423,70,2017
KC,Tyreek Hill,#N/A,WR,15,75,105,1183,16,7,79,15,79,0,0,467,41,2017
ARI,Larry Fitzgerald,#N/A,WR,16,109,161,1156,11,6,37,16,72,1,1,405,66,2017
DET,Marvin Jones,2012,WR,16,61,108,1101,18,9,58,20,69,0,0,201,44,2017
NE,Brandin Cooks,2014,WR,16,65,114,1082,17,7,64,18,68,0,0,235,42,2017
CIN,AJ Green,2020,WR,16,75,145,1078,14,8,77,9,67,2,2,309,55,2017
DET,Golden Tate,2010,WR,16,92,122,1003,11,5,71,10,63,1,1,546,44,2017
TB,Mike Evans,2014,WR,15,71,135,1001,14,5,42,9,67,1,0,132,55,2017
SEA,Doug Baldwin,#N/A,WR,16,75,117,991,13,8,54,18,62,0,0,262,44,2017
MIA,Jarvis Landry,2014,WR,16,112,160,987,9,9,49,6,62,3,2,466,60,2017
IND,TY Hilton,2012,WR,16,57,108,966,17,4,80,14,60,2,1,290,38,2017
SF,Marquise Goodwin,2013,WR,16,56,105,962,17,2,83,13,60,0,0,195,46,2017
DEN,Demaryius Thomas,2010,WR,16,83,141,949,11,5,40,15,59,1,1,272,53,2017
NYJ,Robby Anderson,#N/A,WR,16,63,114,941,15,7,69,17,59,0,0,291,36,2017
PIT,JuJu Smith-Schuster,2017,WR,14,58,80,917,16,7,97,12,66,0,0,364,39,2017
GB,Davante Adams,2014,WR,14,74,117,885,12,10,55,8,63,0,0,357,45,2017
LAR,Cooper Kupp,2017,WR,15,62,95,869,14,5,64,12,58,1,1,387,42,2017
MIN,Stefon Diggs,2015,WR,14,64,95,849,13,8,59,14,61,0,0,266,42,2017
MIA,Kenny Stills,2013,WR,16,58,106,847,15,6,61,14,53,4,2,163,36,2017
CAR,Devin Funchess,2015,WR,16,63,113,840,13,8,44,15,53,0,0,284,40,2017
DAL,Dez Bryant,2010,WR,16,69,133,838,12,6,50,8,52,1,1,271,44,2017
NYJ,Jermaine Kearse,2012,WR,16,65,103,810,13,5,51,9,51,1,0,273,37,2017
TEN,Rishard Matthews,2012,WR,14,53,87,795,15,4,75,13,57,0,0,241,36,2017
PHI,Alshon Jeffery,2012,WR,16,57,120,789,14,9,53,8,49,0,0,220,44,2017
WSH,Jamison Crowder,2015,WR,15,66,104,789,12,3,41,12,53,1,0,365,37,2017
NO,Ted Ginn ,#N/A,WR,15,53,70,787,15,4,54,15,53,0,0,288,32,2017
LAR,Robert Woods,2013,WR,12,56,85,781,14,5,94,12,65,1,1,296,36,2017
PHI,Nelson Agholor,2015,WR,16,62,95,768,12,8,72,9,48,0,0,287,35,2017
BAL,Mike Wallace,2008,WR,15,52,92,748,14,4,66,11,50,0,0,155,33,2017
JAX,Keelan Cole Sr,#N/A,WR,16,42,81,748,18,3,75,11,47,2,1,293,32,2017
NYG,Sterling Shepard,2016,WR,11,59,84,731,12,2,77,7,67,1,0,315,36,2017
LAC,Tyrell Williams,#N/A,WR,16,43,69,728,17,4,75,12,46,1,1,307,29,2017
ATL,Mohamed Sanu,2012,WR,15,67,97,703,11,5,25,10,47,0,0,202,41,2017
SEA,Paul Richardson,2014,WR,16,44,80,703,16,6,61,13,44,0,0,138,33,2017
JAX,Marqise Lee,2014,WR,14,56,96,702,13,3,45,6,50,1,0,292,40,2017
CAR,Kelvin Benjamin,2014,WR,14,48,78,692,14,3,43,10,49,0,0,125,30,2017
OAK,Amari Cooper,2015,WR,14,48,96,680,14,7,87,9,49,1,0,245,28,2017
MIA,DeVante Parker,2015,WR,13,57,96,670,12,1,36,9,52,1,0,190,33,2017
TB,DeSean Jackson,2008,WR,14,50,91,668,13,3,41,10,48,0,0,185,36,2017
NE,Danny Amendola,#N/A,WR,15,61,86,659,11,2,27,7,44,1,0,200,39,2017
GB,Randall Cobb,2011,WR,15,66,91,653,10,4,46,7,44,1,0,409,29,2017
TB,Adam Humphries,#N/A,WR,16,61,83,631,10,1,43,5,39,1,1,229,34,2017
OAK,Michael Crabtree,2009,WR,14,58,101,618,11,8,41,8,44,1,0,197,35,2017
CHI,Kendall Wright,2012,WR,16,59,91,614,10,1,22,1,38,0,0,190,33,2017
PIT,Martavis Bryant,2014,WR,15,50,84,603,12,3,51,7,40,0,0,165,30,2017
LAR,Sammy Watkins,2014,WR,15,39,70,593,15,8,67,9,40,0,0,195,33,2017
WSH,Ryan Grant,2014,WR,16,45,65,573,13,4,40,10,36,0,0,215,29,2017
DAL,Terrance Williams,2013,WR,16,53,78,568,11,0,56,6,36,0,0,224,31,2017
LAC,Travis Benjamin,2012,WR,16,34,64,567,17,4,62,10,35,0,0,173,20,2017
TEN,Eric Decker,2010,WR,16,54,83,563,10,1,29,5,35,0,0,97,31,2017
DEN,Emmanuel Sanders,2010,WR,12,47,94,555,12,2,38,11,46,0,0,169,30,2017
CHI,Deonte Thompson,#N/A,WR,16,38,69,555,15,2,46,8,35,0,0,101,25,2017
SEA,Tyler Lockett,2015,WR,16,45,69,555,12,2,74,5,35,0,0,189,23,2017
KC,Albert Wilson,2014,WR,13,42,63,554,13,3,63,4,43,0,0,238,32,2017
CIN,Brandon LaFell,2010,WR,16,52,88,548,11,3,45,6,34,1,0,246,25,2017
TB,Chris Godwin,2017,WR,16,34,56,525,15,1,70,4,33,0,0,146,27,2017
ARI,JJ Nelson,2015,WR,16,29,61,508,18,2,46,6,32,1,1,59,21,2017
WSH,Josh Doctson,2016,WR,16,35,78,502,14,6,52,6,31,0,0,138,25,2017
SF,Pierre Garcon,#N/A,WR,8,40,67,500,13,0,59,6,63,0,0,182,25,2017
JAX,Allen Hurns,2014,WR,10,39,56,484,12,2,50,4,48,0,0,162,28,2017
GB,Jordy Nelson,#N/A,WR,15,53,88,482,9,6,58,4,32,0,0,133,38,2017
ARI,Jaron Brown,#N/A,WR,16,31,69,477,15,4,52,12,30,0,0,99,23,2017
DET,Kenny Golladay,2017,WR,11,28,48,477,17,3,54,8,43,0,0,156,18,2017
OAK,Seth Roberts,#N/A,WR,15,43,65,455,11,1,29,6,30,2,2,83,22,2017
BAL,Jeremy Maclin,2008,WR,12,40,72,440,11,3,48,3,37,0,0,121,23,2017
NE,Chris Hogan,#N/A,WR,9,34,59,439,13,5,47,6,49,0,0,174,22,2017
IND,TY Hilton,2012,WR,16,91,156,1448,16,6,63,28,91,0,0,331,66,2016
ATL,Julio Jones,2011,WR,14,83,129,1409,17,6,75,27,101,0,0,388,64,2016
NYG,Odell Beckham,2014,WR,16,101,169,1367,14,10,75,20,85,2,1,524,65,2016
TB,Mike Evans,2014,WR,16,96,175,1321,14,12,45,15,83,0,0,200,81,2016
PIT,Antonio Brown,2010,WR,15,106,155,1284,12,12,51,22,86,0,0,411,64,2016
GB,Jordy Nelson,#N/A,WR,16,97,152,1257,13,14,60,19,79,1,1,356,62,2016
NO,Brandin Cooks,2014,WR,16,78,117,1173,15,8,98,15,73,1,0,374,45,2016
OAK,Amari Cooper,2015,WR,16,83,132,1153,14,5,64,21,72,2,0,451,47,2016
NO,Michael Thomas,2016,WR,15,92,122,1137,12,9,46,18,76,2,2,436,62,2016
MIA,Jarvis Landry,2014,WR,16,94,131,1136,12,4,71,16,71,1,1,593,52,2016
SEA,Doug Baldwin,#N/A,WR,16,94,126,1128,12,7,59,16,71,1,0,467,52,2016
NE,Julian Edelman,#N/A,WR,16,98,158,1106,11,3,77,11,69,1,1,385,55,2016
DEN,Demaryius Thomas,2010,WR,16,90,145,1083,12,5,55,10,68,2,2,316,50,2016
DET,Golden Tate,2010,WR,16,91,135,1077,12,4,67,13,67,1,0,588,46,2016
SD,Tyrell Williams,#N/A,WR,16,69,120,1059,15,7,51,19,66,0,0,414,48,2016
WSH,Pierre Garcon,#N/A,WR,16,79,116,1041,13,3,70,15,65,0,0,307,52,2016
DEN,Emmanuel Sanders,2010,WR,16,79,139,1032,13,5,64,12,65,1,0,267,50,2016
ARI,Larry Fitzgerald,#N/A,WR,16,107,150,1023,10,6,32,8,64,2,1,355,59,2016
BAL,Mike Wallace,2008,WR,16,72,117,1017,14,4,95,10,64,1,0,415,43,2016
CLE,Terrelle Pryor,#N/A,WR,16,77,140,1007,13,4,54,11,63,0,0,164,48,2016
WSH,DeSean Jackson,2008,WR,15,56,100,1005,18,4,80,19,67,0,0,283,35,2016
OAK,Michael Crabtree,2009,WR,16,89,145,1003,11,8,56,10,63,2,0,258,56,2016
LAR,Kenny Britt,2009,WR,15,68,111,1002,15,5,66,15,67,2,1,320,47,2016
GB,Davante Adams,2014,WR,16,75,121,997,13,12,66,17,62,2,1,389,45,2016
MIN,Adam Thielen,#N/A,WR,16,69,92,967,14,5,71,16,60,1,0,316,44,2016
CIN,AJ Green,2020,WR,10,66,100,964,15,4,54,15,96,0,0,289,41,2016
HOU,DeAndre Hopkins,2013,WR,16,78,150,954,12,4,51,10,60,0,0,173,56,2016
TEN,Rishard Matthews,2012,WR,16,65,108,945,15,9,60,16,59,1,1,209,43,2016
CAR,Kelvin Benjamin,2014,WR,16,63,118,941,15,7,50,10,59,1,1,220,50,2016
DET,Marvin Jones,2012,WR,15,55,103,930,17,4,73,16,62,0,0,242,41,2016
MIN,Stefon Diggs,2015,WR,13,84,111,903,11,3,46,10,70,0,0,320,47,2016
VNO,Willie Snead,2014,WR,15,72,104,895,12,4,49,12,60,2,0,320,51,2016
CHI,Cameron Meredith,#N/A,WR,14,66,96,888,14,4,50,13,63,3,2,293,44,2016
JAX,Allen Robinson,2014,WR,16,73,151,883,12,6,42,11,55,1,0,180,51,2016
CIN,Brandon LaFell,2010,WR,16,64,106,862,14,6,86,11,54,0,0,318,42,2016
NYJ,Quincy Enunwa,2014,WR,16,58,106,857,15,4,69,14,54,0,0,342,37,2016
JAX,Marqise Lee,2014,WR,16,63,105,851,14,3,51,13,53,0,0,314,44,2016
WSH,Jamison Crowder,2015,WR,16,67,97,847,13,7,55,11,53,2,1,386,34,2016
DAL,Cole Beasley,#N/A,WR,16,75,98,833,11,5,47,6,52,0,0,370,51,2016
CHI,Alshon Jeffery,2012,WR,12,52,95,821,16,2,54,12,68,0,0,213,41,2016
SD,Dontrelle Inman,#N/A,WR,16,58,94,810,14,4,57,10,51,0,0,218,37,2016
PHI,Jordan Matthews,2014,WR,14,73,117,804,11,3,54,13,57,1,0,258,38,2016
BAL,Steve Smith,#N/A,WR,14,70,103,799,11,5,52,12,57,0,0,269,39,2016
DAL,Dez Bryant,2010,WR,13,50,97,796,16,8,56,10,61,1,1,145,38,2016
NYJ,Brandon Marshall,2012,WR,15,59,128,788,13,3,41,10,53,0,0,190,43,2016
CAR,Ted Ginn ,#N/A,WR,16,54,95,752,14,4,88,9,47,0,0,159,27,2016
MIA,DeVante Parker,2015,WR,15,56,90,744,13,4,56,9,50,0,0,229,34,2016
MIA,Kenny Stills,2013,WR,16,42,81,726,17,9,74,10,45,0,0,180,30,2016
NYG,Sterling Shepard,2016,WR,16,65,105,683,11,8,32,6,43,0,0,258,42,2016
NE,Chris Hogan,#N/A,WR,15,38,57,680,18,4,79,11,45,1,1,231,23,2016
SD,Travis Benjamin,2012,WR,14,47,76,677,14,4,54,10,48,3,2,257,26,2016
SF,Jeremy Kerley,2011,WR,16,64,115,667,10,3,33,8,42,1,0,195,33,2016
ATL,Mohamed Sanu,2012,WR,15,59,81,653,11,4,59,6,44,1,1,281,33,2016
HOU,Will Fuller,2016,WR,14,47,92,635,14,2,53,11,45,0,0,213,31,2016
TB,Adam Humphries,#N/A,WR,15,55,82,622,11,2,42,7,42,0,0,324,27,2016
BUF,Robert Woods,2013,WR,13,51,74,613,12,1,34,10,47,0,0,153,32,2016
GB,Randall Cobb,2011,WR,13,60,84,610,10,4,47,7,47,0,0,366,36,2016
CIN,Tyler Boyd,2016,WR,16,54,81,603,11,1,30,9,38,1,1,207,33,2016
SEA,Tyler Lockett,2015,WR,15,41,67,597,15,1,57,9,40,0,0,226,22,2016
DAL,Terrance Williams,2013,WR,16,44,61,594,14,4,47,6,37,1,1,157,34,2016
PIT,Eli Rogers,#N/A,WR,13,48,66,594,12,3,39,11,46,0,0,201,24,2016
KC,Tyreek Hill,#N/A,WR,16,61,83,593,10,6,49,8,37,1,0,269,31,2016
NYJ,Robby Anderson,#N/A,WR,16,42,78,587,14,2,52,10,37,1,1,118,18,2016
NYG,Victor Cruz,#N/A,WR,15,39,72,586,15,1,48,10,39,1,1,193,25,2016
DET,Anquan Boldin,#N/A,WR,16,67,95,584,9,8,35,5,37,0,0,215,41,2016
ATL,Taylor Gabriel,#N/A,WR,13,35,49,579,17,6,76,8,45,0,0,285,21,2016
ARI,JJ Nelson,2015,WR,15,34,74,568,17,6,80,9,38,1,1,152,26,2016
LAR,Brian Quick,2012,WR,16,41,79,564,14,3,65,7,35,0,0,180,22,2016
KC,Jeremy Maclin,2008,WR,12,44,76,536,12,2,44,6,45,0,0,129,29,2016
KC,Chris Conley,2015,WR,16,44,69,530,12,0,39,4,33,1,0,151,30,2016
IND,Phillip Dorsett,2015,WR,15,33,60,528,16,2,64,8,35,1,0,138,20,2016
TEN,Tajae Sharpe,2016,WR,16,41,83,522,13,2,34,7,33,0,0,91,27,2016
ARI,John Brown,2014,WR,15,39,72,517,13,2,30,5,35,0,0,110,28,2016
SEA,Jermaine Kearse,2012,WR,16,41,90,511,13,1,36,7,32,0,0,140,24,2016
LAR,Tavon Austin,2013,WR,15,58,107,509,9,3,43,6,34,1,1,250,25,2016
ATL,Julio Jones,2011,WR,16,136,204,1871,14,8,70,25,117,3,1,620,93,2015
PIT,Antonio Brown,2010,WR,16,136,195,1834,14,10,59,25,115,1,1,570,84,2015
HOU,DeAndre Hopkins,2013,WR,16,111,192,1521,14,11,61,19,95,1,0,201,83,2015
NYJ,Brandon Marshall,2012,WR,16,109,174,1502,14,14,69,19,94,3,2,395,76,2015
NYG,Odell Beckham,2014,WR,15,96,159,1450,15,13,87,19,97,2,0,516,67,2015
JAX,Allen Robinson,2014,WR,16,80,153,1400,18,14,90,31,88,0,0,341,61,2015
DEN,Demaryius Thomas,2010,WR,16,105,176,1304,12,6,72,14,82,2,2,418,63,2015
CIN,AJ Green,2020,WR,16,86,132,1297,15,10,80,19,81,1,1,345,63,2015
ARI,Larry Fitzgerald,#N/A,WR,16,109,145,1215,11,9,44,17,76,2,2,458,65,2015
DET,Calvin Johnson,#N/A,WR,16,88,150,1214,14,9,57,16,76,1,1,285,65,2015
TB,Mike Evans,2014,WR,15,74,147,1206,16,3,68,21,80,1,1,226,63,2015
MIA,Jarvis Landry,2014,WR,16,110,165,1157,11,4,50,10,72,0,0,547,60,2015
NO,Brandin Cooks,2014,WR,16,84,129,1138,14,9,71,18,71,1,0,378,45,2015
DEN,Emmanuel Sanders,2010,WR,15,76,137,1135,15,6,75,12,76,1,1,337,51,2015
IND,TY Hilton,2012,WR,16,69,135,1124,16,5,87,17,70,1,0,376,49,2015
KC,Jeremy Maclin,2008,WR,15,87,124,1088,13,8,61,14,73,2,1,324,49,2015
OAK,Amari Cooper,2015,WR,16,72,130,1070,15,6,68,16,67,1,1,395,45,2015
SEA,Doug Baldwin,#N/A,WR,16,78,104,1069,14,14,80,16,67,1,0,426,47,2015
BUF,Sammy Watkins,2014,WR,13,60,95,1047,18,9,63,18,81,0,0,125,41,2015
JAX,Allen Hurns,2014,WR,15,64,104,1031,16,10,80,19,69,2,1,343,48,2015
NYJ,Eric Decker,2010,WR,15,80,131,1027,13,12,35,16,69,1,1,220,60,2015
ARI,John Brown,2014,WR,15,65,101,1003,15,7,68,11,67,1,1,329,49,2015
PHI,Jordan Matthews,2014,WR,16,85,127,997,12,8,78,14,62,2,1,421,44,2015
VNO,Willie Snead,2014,WR,15,69,102,984,14,3,63,15,66,2,1,334,44,2015
CLE,Travis Benjamin,2012,WR,16,68,124,966,14,5,61,12,60,1,1,301,39,2015
BAL,Kamar Aiken,#N/A,WR,16,75,127,944,13,5,48,11,59,1,1,202,53,2015
OAK,Michael Crabtree,2009,WR,16,85,146,922,11,9,38,15,58,1,0,275,45,2015
GB,James Jones,#N/A,WR,16,50,100,890,18,8,65,18,56,1,0,211,39,2015
ARI,Michael Floyd,2012,WR,15,52,89,849,16,6,60,13,57,0,0,215,40,2015
DAL,Terrance Williams,2013,WR,16,52,94,840,16,3,42,13,53,0,0,210,36,2015
GB,Randall Cobb,2011,WR,16,79,129,829,11,6,53,11,52,0,0,417,42,2015
CIN,Marvin Jones,2012,WR,16,65,103,816,13,4,47,13,51,0,0,275,33,2015
DET,Golden Tate,2010,WR,16,90,128,813,9,6,43,7,51,1,1,525,50,2015
CHI,Alshon Jeffery,2012,WR,9,54,93,807,15,4,50,14,90,1,0,190,43,2015
NYG,Rueben Randle,2012,WR,16,57,90,797,14,8,72,13,50,0,0,194,35,2015
SF,Anquan Boldin,#N/A,WR,14,69,110,789,11,4,51,10,56,1,1,272,35,2015
WSH,Pierre Garcon,#N/A,WR,16,72,110,777,11,6,39,7,49,0,0,163,43,2015
PIT,Martavis Bryant,2014,WR,11,50,92,765,15,6,88,10,70,1,1,350,25,2015
PIT,Markus Wheaton,2013,WR,16,44,79,749,17,5,72,9,47,0,0,163,32,2015
CAR,Ted Ginn ,#N/A,WR,15,44,96,739,17,10,74,10,49,0,0,250,36,2015
IND,Donte Moncrief,2014,WR,16,64,105,733,12,6,33,9,46,0,0,269,40,2015
SD,Keenan Allen,2013,WR,8,67,89,725,11,4,38,8,91,0,0,261,34,2015
MIN,Stefon Diggs,2015,WR,13,52,84,720,14,4,40,13,55,2,0,300,31,2015
NE,Julian Edelman,#N/A,WR,9,61,88,692,11,7,59,8,77,1,1,327,37,2015
SEA,Jermaine Kearse,2012,WR,16,49,68,685,14,5,50,13,43,1,0,224,32,2015
STL,Kenny Britt,2009,WR,16,36,72,681,19,3,60,11,43,0,0,111,29,2015
BAL,Steve Smith,#N/A,WR,7,46,73,670,15,3,50,13,96,0,0,263,28,2015
SEA,Tyler Lockett,2015,WR,16,51,68,664,13,6,49,9,42,0,0,255,31,2015
SF,Torrey Smith,2011,WR,16,33,61,663,20,4,76,8,41,0,0,206,23,2015
MIA,Rishard Matthews,2012,WR,11,43,61,662,15,4,53,10,60,0,0,244,31,2015
HOU,Nate Washington,#N/A,WR,14,47,95,658,14,4,49,9,47,0,0,155,33,2015
NE,Danny Amendola,#N/A,WR,14,65,87,648,10,3,41,5,46,0,0,280,32,2015
WSH,Jamison Crowder,2015,WR,16,59,79,604,10,2,44,7,38,2,0,251,34,2015
SD,Malcom Floyd,#N/A,WR,15,30,69,561,19,3,70,10,37,1,1,101,19,2015
BUF,Robert Woods,2013,WR,14,47,81,552,12,3,37,5,39,2,1,148,27,2015
TEN,Dorial Green-Beckham,2015,WR,16,32,66,549,17,4,47,10,34,0,0,149,30,2015
TB,Vincent Jackson,#N/A,WR,10,33,64,543,17,3,36,13,54,0,0,121,28,2015
DAL,Cole Beasley,#N/A,WR,16,52,74,536,10,5,30,7,34,1,1,302,31,2015
WSH,DeSean Jackson,2008,WR,10,30,49,528,18,4,77,10,53,0,0,155,15,2015
CLE,Brian Hartline,2009,WR,12,46,74,523,11,2,41,4,44,1,0,169,30,2015
NO,Marques Colston,#N/A,WR,13,45,67,520,12,4,53,6,40,0,0,197,26,2015
NE,Brandon LaFell,2010,WR,11,37,74,515,14,0,54,7,47,0,0,232,22,2015
ATL,Roddy White,#N/A,WR,16,43,70,506,12,1,25,6,32,0,0,116,27,2015
IND,Andre Johnson,#N/A,WR,16,41,77,503,12,4,35,7,31,0,0,154,31,2015
SD,Stevie Johnson,#N/A,WR,10,45,65,497,11,3,34,7,50,1,0,276,29,2015
MIA,DeVante Parker,2015,WR,14,26,51,494,19,3,49,9,35,0,0,98,20,2015
SD,Dontrelle Inman,#N/A,WR,14,35,65,486,14,3,68,6,35,2,1,168,21,2015
CAR,Jerricho Cotchery,#N/A,WR,14,39,53,485,12,3,59,6,35,0,0,177,26,2015
HOU,Cecil Shorts,2011,WR,11,42,74,484,12,2,42,5,44,1,1,223,27,2015
GB,Davante Adams,2014,WR,13,50,93,483,10,1,40,6,37,0,0,124,20,2015
OAK,Seth Roberts,#N/A,WR,16,32,55,480,15,5,43,7,30,0,0,138,21,2015
MIN,Mike Wallace,2008,WR,16,39,72,473,12,2,34,6,30,0,0,157,27,2015
STL,Tavon Austin,2013,WR,16,52,86,473,9,5,66,5,30,1,1,336,21,2015
PIT,Antonio Brown,2010,WR,16,129,182,1698,13,13,63,19,106,1,1,568,85,2014
DEN,Demaryius Thomas,2010,WR,16,111,184,1619,15,11,86,25,101,0,0,647,69,2014
ATL,Julio Jones,2011,WR,15,104,164,1593,15,6,79,31,106,2,1,553,76,2014
GB,Jordy Nelson,#N/A,WR,16,98,151,1519,16,13,80,19,95,0,0,481,71,2014
DEN,Emmanuel Sanders,2010,WR,16,101,141,1404,14,9,48,24,88,1,0,370,69,2014
IND,TY Hilton,2012,WR,15,82,130,1345,16,7,73,21,90,3,1,372,62,2014
DET,Golden Tate,2010,WR,16,99,142,1331,13,4,73,17,83,1,0,691,58,2014
DAL,Dez Bryant,2010,WR,16,88,138,1320,15,16,68,22,83,0,0,352,60,2014
PHI,Jeremy Maclin,2008,WR,16,85,143,1318,16,10,72,21,82,0,0,489,56,2014
NYG,Odell Beckham,2014,WR,12,91,132,1305,14,12,80,16,109,0,0,427,57,2014
GB,Randall Cobb,2011,WR,16,91,126,1287,14,12,70,24,80,1,1,556,71,2014
HOU,DeAndre Hopkins,2013,WR,16,76,127,1210,16,6,76,20,76,2,1,383,57,2014
WSH,DeSean Jackson,2008,WR,15,56,94,1169,21,6,81,16,78,0,0,393,35,2014
CHI,Alshon Jeffery,2012,WR,16,85,145,1133,13,10,74,17,71,0,0,473,60,2014
DET,Calvin Johnson,#N/A,WR,13,71,128,1077,15,8,67,16,83,0,0,244,59,2014
BAL,Steve Smith Sr,#N/A,WR,16,79,133,1065,14,6,80,15,67,1,1,343,45,2014
SF,Anquan Boldin,#N/A,WR,16,83,130,1062,13,5,76,14,66,0,0,351,56,2014
TB,Mike Evans,2014,WR,15,68,124,1051,16,12,56,20,70,0,0,179,46,2014
CIN,AJ Green,2020,WR,13,69,116,1041,15,6,81,13,80,2,2,298,46,2014
CAR,Kelvin Benjamin,2014,WR,16,73,146,1008,14,9,51,14,63,1,1,173,50,2014
TB,Vincent Jackson,#N/A,WR,16,70,143,1002,14,2,50,12,63,1,1,164,50,2014
BUF,Sammy Watkins,2014,WR,16,65,128,982,15,6,84,14,61,1,1,310,47,2014
NE,Julian Edelman,#N/A,WR,14,92,135,972,11,4,69,7,69,2,0,448,49,2014
NYJ,Eric Decker,2010,WR,15,74,115,962,13,5,74,12,64,0,0,252,47,2014
NE,Brandon LaFell,2010,WR,16,74,119,953,13,7,56,10,60,1,1,356,50,2014
NYG,Rueben Randle,2012,WR,16,71,127,938,13,3,49,12,59,0,0,200,48,2014
HOU,Andre Johnson,#N/A,WR,15,85,147,936,11,3,35,14,62,3,3,330,49,2014
NO,Kenny Stills,2013,WR,15,63,85,931,15,3,69,10,62,1,0,178,47,2014
ATL,Roddy White,#N/A,WR,14,80,122,921,12,7,39,14,66,3,1,158,54,2014
NO,Marques Colston,#N/A,WR,16,59,99,902,15,5,57,17,56,1,1,274,45,2014
PHI,Jordan Matthews,2014,WR,16,67,105,872,13,8,44,16,55,0,0,350,42,2014
MIA,Mike Wallace,2008,WR,16,67,115,862,13,10,50,10,54,1,1,251,47,2014
SD,Malcom Floyd,2008,WR,16,52,92,856,17,6,59,13,54,0,0,146,39,2014
ARI,Michael Floyd,2012,WR,16,47,99,841,18,6,63,15,53,3,1,110,34,2014
SEA,Doug Baldwin,#N/A,WR,16,66,98,825,13,3,49,15,52,0,0,314,42,2014
CLE,Andrew Hawkins,#N/A,WR,15,63,113,824,13,2,65,13,55,0,0,364,44,2014
CIN,Mohamed Sanu,2012,WR,16,56,98,790,14,5,76,9,49,0,0,337,37,2014
ARI,Larry Fitzgerald,#N/A,WR,14,63,103,784,12,2,80,11,56,1,1,331,39,2014
SD,Keenan Allen,2013,WR,14,77,121,783,10,4,35,6,56,1,1,319,41,2014
IND,Reggie Wayne,#N/A,WR,15,64,116,779,12,2,80,10,52,1,1,213,40,2014
SD,Eddie Royal,#N/A,WR,16,62,91,778,13,7,47,14,49,1,1,335,39,2014
BAL,Torrey Smith,2011,WR,16,49,93,767,16,11,53,13,48,0,0,163,38,2014
MIA,Jarvis Landry,2014,WR,16,84,111,758,9,5,25,6,47,1,0,443,48,2014
KC,Dwayne Bowe,#N/A,WR,15,60,96,754,13,0,37,9,50,2,0,237,42,2014
WSH,Pierre Garcon,#N/A,WR,16,68,105,752,11,3,70,8,47,0,0,293,32,2014
STL,Kenny Britt,2009,WR,16,48,84,748,16,3,63,13,47,0,0,165,33,2014
MIN,Greg Jennings,#N/A,WR,16,59,92,742,13,6,38,9,46,1,0,195,40,2014
CHI,Brandon Marshall,2012,WR,13,61,105,721,12,8,47,5,56,1,1,233,41,2014
TEN,Kendall Wright,2012,WR,14,57,93,715,13,6,48,10,51,1,1,362,33,2014
BUF,Robert Woods,2013,WR,16,65,104,699,11,5,37,11,44,1,1,205,35,2014
SF,Michael Crabtree,2009,WR,16,68,108,698,10,4,51,10,44,0,0,256,35,2014
ARI,John Brown,2014,WR,16,48,103,696,15,5,75,11,44,0,0,187,31,2014
OAK,Andre Holmes,2011,WR,16,47,98,693,15,4,77,9,43,0,0,198,32,2014
JAX,Allen Hurns,2014,WR,16,51,97,677,13,6,63,11,42,0,0,217,26,2014
OAK,James Jones,#N/A,WR,16,73,111,666,9,6,42,6,42,3,1,227,40,2014
TEN,Nate Washington,#N/A,WR,16,40,72,647,16,2,80,11,40,0,0,148,26,2014
PIT,Markus Wheaton,2013,WR,16,53,87,644,12,2,47,5,40,0,0,161,33,2014
DAL,Terrance Williams,2013,WR,16,37,64,621,17,8,51,10,39,0,0,99,30,2014
CLE,Taylor Gabriel,#N/A,WR,16,36,71,621,17,1,70,10,39,0,0,238,26,2014
MIN,Jarius Wright,2012,WR,16,42,62,588,14,2,87,9,37,0,0,333,25,2014
CAR,Jerricho Cotchery,#N/A,WR,15,48,78,580,12,1,47,7,39,0,0,200,30,2014
PHI,Riley Cooper,2010,WR,16,55,95,577,11,3,50,5,36,1,1,157,25,2014
CLE,Miles Austin,#N/A,WR,12,47,70,568,12,2,31,7,47,0,0,213,34,2014
JAX,Cecil Shorts,2011,WR,13,53,110,557,11,1,53,7,43,1,1,253,26,2014
ATL,Harry Douglas,#N/A,WR,12,51,75,556,11,2,41,3,46,0,0,230,28,2014
NO,Brandin Cooks,2014,WR,10,53,70,550,10,3,50,4,55,0,0,174,25,2014
PIT,Martavis Bryant,2014,WR,10,26,49,549,21,8,94,8,55,0,0,164,16,2014
JAX,Allen Robinson,2014,WR,10,48,81,548,11,2,54,5,55,0,0,160,26,2014
SEA,Jermaine Kearse,2012,WR,15,38,67,537,14,1,60,7,36,0,0,238,21,2014
ATL,Devin Hester,#N/A,WR,16,38,59,504,13,2,46,7,32,1,1,254,21,2014
TEN,Justin Hunter,2013,WR,12,28,68,498,18,3,75,7,42,0,0,185,20,2014
SEA,Percy Harvin,2008,WR,13,51,78,483,10,1,45,6,37,1,0,269,23,2014
MIN,Charles Johnson,#N/A,WR,12,31,58,475,15,2,56,9,40,1,0,163,19,2014
MIA,Brian Hartline,2009,WR,16,39,63,474,12,2,35,4,30,1,0,139,27,2014
DEN,Wes Welker,#N/A,WR,14,49,64,464,10,2,39,5,33,0,0,170,24,2014
CLE,Josh Gordon,#N/A,WR,14,87,159,1646,19,9,95,30,118,0,0,637,64,2013
PIT,Antonio Brown,2010,WR,16,110,165,1499,14,8,56,23,94,0,0,602,69,2013
DET,Calvin Johnson,#N/A,WR,14,84,156,1492,18,12,87,22,107,1,1,496,69,2013
DEN,Demaryius Thomas,2010,WR,16,92,143,1430,16,14,78,19,89,1,0,704,66,2013
CIN,AJ Green,2020,WR,16,98,180,1426,15,11,82,18,89,1,0,412,65,2013
CHI,Alshon Jeffery,2012,WR,16,89,150,1421,16,7,80,20,89,3,1,432,62,2013
HOU,Andre Johnson,#N/A,WR,16,109,181,1407,13,5,62,20,88,0,0,412,69,2013
WSH,Pierre Garcon,#N/A,WR,16,113,184,1346,12,5,53,16,84,1,1,667,60,2013
PHI,DeSean Jackson,2008,WR,16,82,126,1332,16,9,61,25,83,1,0,493,60,2013
GB,Jordy Nelson,#N/A,WR,16,85,126,1314,16,8,76,22,82,0,0,442,60,2013
CHI,Brandon Marshall,2012,WR,16,100,163,1295,13,12,44,16,81,0,0,307,70,2013
DEN,Eric Decker,2010,WR,16,87,137,1288,15,11,61,19,81,2,1,404,63,2013
DAL,Dez Bryant,2010,WR,16,93,160,1233,13,13,79,14,77,3,1,527,67,2013
TB,Vincent Jackson,#N/A,WR,16,78,159,1224,16,7,60,19,77,1,0,319,60,2013
SF,Anquan Boldin,#N/A,WR,16,85,130,1179,14,7,63,19,74,0,0,453,62,2013
BAL,Torrey Smith,2011,WR,16,65,139,1128,17,4,74,20,71,1,0,402,48,2013
IND,TY Hilton,2012,WR,16,82,138,1083,13,5,73,13,68,0,0,400,46,2013
TEN,Kendall Wright,2012,WR,16,94,140,1079,12,2,45,17,67,2,0,588,52,2013
ATL,Harry Douglas,#N/A,WR,16,85,133,1067,13,2,80,13,67,2,1,534,47,2013
NE,Julian Edelman,#N/A,WR,16,105,151,1056,10,6,44,9,66,0,0,493,54,2013
SD,Keenan Allen,2013,WR,15,71,105,1046,15,8,43,16,70,1,1,437,54,2013
ARI,Michael Floyd,2012,WR,16,65,112,1041,16,5,91,17,65,0,0,278,48,2013
MIA,Brian Hartline,2009,WR,16,76,134,1016,13,4,50,14,64,0,0,316,53,2013
NYG,Victor Cruz,#N/A,WR,14,73,123,998,14,4,70,10,71,1,1,264,45,2013
ARI,Larry Fitzgerald,#N/A,WR,16,82,136,954,12,10,75,11,60,1,1,351,49,2013
NO,Marques Colston,#N/A,WR,15,75,110,943,13,5,35,13,63,0,0,249,54,2013
MIA,Mike Wallace,2008,WR,16,73,142,930,13,5,57,11,58,0,0,291,46,2013
TEN,Nate Washington,#N/A,WR,16,58,104,919,16,3,77,11,57,0,0,240,43,2013
SEA,Golden Tate,2010,WR,16,64,98,898,14,5,80,12,56,1,0,520,41,2013
NYG,Hakeem Nicks,2008,WR,15,56,102,896,16,0,57,14,60,0,0,281,38,2013
OAK,Rod Streater,#N/A,WR,16,60,100,888,15,4,66,10,56,1,1,329,39,2013
PHI,Riley Cooper,2010,WR,16,47,84,835,18,8,63,13,52,0,0,246,33,2013
GB,James Jones,#N/A,WR,14,59,93,817,14,3,83,12,58,2,1,384,30,2013
MIN,Greg Jennings,#N/A,WR,15,68,106,804,12,4,70,11,54,0,0,357,36,2013
HOU,DeAndre Hopkins,2013,WR,16,52,93,802,15,2,66,12,50,1,1,188,38,2013
DEN,Wes Welker,#N/A,WR,13,73,110,778,11,10,33,12,60,0,0,333,49,2013
SEA,Doug Baldwin,#N/A,WR,16,50,73,778,16,5,52,14,49,0,0,249,36,2013
JAX,Cecil Shorts III,#N/A,WR,13,66,125,777,12,3,59,10,60,0,0,292,41,2013
CAR,Steve Smith Sr,#N/A,WR,15,64,109,745,12,4,44,4,50,0,0,183,44,2013
PIT,Emmanuel Sanders,2010,WR,16,67,112,740,11,6,55,12,46,1,0,303,37,2013
DAL,Terrance Williams,2013,WR,16,44,74,736,17,5,82,12,46,1,1,219,31,2013
MIN,Jerome Simpson,#N/A,WR,16,48,102,726,15,1,51,12,45,1,0,196,35,2013
CIN,Marvin Jones ,#N/A,WR,16,51,80,712,14,10,45,10,45,0,0,232,36,2013
ATL,Roddy White,#N/A,WR,13,63,99,711,11,3,39,8,55,2,1,127,37,2013
OAK,Denarius Moore,2011,WR,13,46,86,695,15,5,73,9,54,0,0,263,36,2013
GB,Jarrett Boykin,2012,WR,16,49,82,681,14,3,52,10,43,0,0,259,34,2013
KC,Dwayne Bowe,#N/A,WR,15,57,105,673,12,5,34,9,45,0,0,202,39,2013
NO,Kenny Stills,2013,WR,16,32,51,641,20,5,76,7,40,0,0,198,24,2013
NE,Danny Amendola,#N/A,WR,12,54,83,633,12,2,57,8,53,0,0,269,37,2013
SD,Eddie Royal,#N/A,WR,15,47,67,631,13,8,54,12,42,0,0,363,33,2013
CAR,Brandon LaFell,2010,WR,16,49,88,627,13,5,79,5,39,1,0,276,31,2013
NYG,Rueben Randle,2012,WR,16,41,80,611,15,6,37,16,38,1,0,211,28,2013
PIT,Jerricho Cotchery,#N/A,WR,16,46,76,602,13,10,36,9,38,0,0,232,36,2013
BUF,Stevie Johnson,#N/A,WR,12,52,100,597,12,3,45,6,50,1,1,226,33,2013
KC,Donnie Avery,#N/A,WR,16,40,72,596,15,2,51,10,37,1,1,201,25,2013
BUF,Robert Woods,2013,WR,14,40,86,587,15,3,57,9,42,0,0,115,26,2013
ATL,Julio Jones,2011,WR,5,41,60,580,14,2,81,9,116,2,1,262,25,2013
STL,Chris Givens,2012,WR,16,34,83,569,17,0,47,13,36,1,1,264,27,2013
CAR,Ted Ginn ,#N/A,WR,16,36,68,556,15,5,47,10,35,0,0,229,24,2013
BAL,Marlon Brown,2013,WR,14,49,81,524,11,7,59,6,37,0,0,243,29,2013
NYJ,Jeremy Kerley,2011,WR,12,43,72,523,12,3,26,7,44,0,0,186,30,2013
NE,Aaron Dobson,2013,WR,12,37,74,519,14,4,81,6,43,1,0,205,25,2013
IND,Reggie Wayne,#N/A,WR,7,38,58,503,13,2,35,8,72,0,0,171,28,2013
DET,Kris Durham,#N/A,WR,16,38,86,490,13,2,40,7,31,1,1,143,25,2013
JAX,Ace Sanders,2013,WR,15,51,85,484,10,1,51,8,32,0,0,291,22,2013
SD,Vincent Brown,2011,WR,16,41,69,472,12,1,51,3,30,0,0,97,28,2013
ARI,Andre Roberts,2010,WR,16,43,76,471,11,2,34,3,29,0,0,122,22,2013
MIN,Cordarrelle Patterson,2013,WR,16,45,78,469,10,4,79,7,29,0,0,293,19,2013
DET,Calvin Johnson,#N/A,WR,16,122,205,1964,16,5,53,40,123,3,3,525,92,2012
HOU,Andre Johnson,#N/A,WR,16,112,164,1598,14,4,60,23,100,0,0,552,79,2012
CHI,Brandon Marshall,2012,WR,16,118,194,1508,13,11,56,18,94,2,0,360,75,2012
DEN,Demaryius Thomas,2010,WR,16,94,141,1434,15,10,71,29,90,3,3,538,60,2012
TB,Vincent Jackson,#N/A,WR,16,72,147,1384,19,8,95,24,87,0,0,394,61,2012
DAL,Dez Bryant,2010,WR,16,92,138,1382,15,12,85,19,86,2,1,463,54,2012
IND,Reggie Wayne,#N/A,WR,16,106,194,1355,13,5,33,22,85,1,1,371,73,2012
NE,Wes Welker,#N/A,WR,16,118,174,1354,12,6,59,13,85,2,1,702,72,2012
ATL,Roddy White,#N/A,WR,16,92,143,1351,15,7,59,18,84,1,0,346,73,2012
CIN,AJ Green,2020,WR,16,97,164,1350,14,11,73,16,84,2,1,427,61,2012
ATL,Julio Jones,2011,WR,16,79,129,1198,15,10,80,17,75,0,0,486,56,2012
CAR,Steve Smith Sr,#N/A,WR,16,73,138,1174,16,4,66,17,73,0,0,268,51,2012
NO,Marques Colston,#N/A,WR,16,83,132,1154,14,10,60,15,72,4,2,306,65,2012
SF,Michael Crabtree,2009,WR,16,85,126,1105,13,9,49,15,69,0,0,536,57,2012
NYG,Victor Cruz,#N/A,WR,16,86,143,1092,13,10,80,12,68,0,0,332,52,2012
MIA,Brian Hartline,2009,WR,16,74,128,1083,15,1,80,14,68,1,1,263,48,2012
DEN,Eric Decker,2010,WR,16,85,123,1064,13,13,55,11,67,0,0,290,52,2012
BUF,Stevie Johnson,#N/A,WR,16,79,148,1046,13,6,63,12,65,1,1,381,52,2012
NO,Lance Moore,#N/A,WR,15,65,105,1041,16,6,51,14,69,0,0,162,55,2012
TB,Mike Williams,2017,WR,16,63,127,996,16,9,65,17,62,0,0,350,44,2012
JAX,Cecil Shorts III,#N/A,WR,14,55,106,979,18,7,80,17,70,1,1,375,36,2012
GB,Randall Cobb,2011,WR,15,80,104,954,12,8,39,17,64,0,0,479,45,2012
DAL,Miles Austin,#N/A,WR,16,66,118,943,14,6,49,13,59,1,1,296,48,2012
BAL,Anquan Boldin,#N/A,WR,15,65,112,921,14,4,43,17,61,0,0,267,45,2012
NE,Brandon Lloyd,#N/A,WR,16,74,130,911,12,4,53,10,57,0,0,192,50,2012
JAX,Justin Blackmon,2012,WR,16,64,133,865,14,5,81,9,54,1,0,284,41,2012
IND,TY Hilton,2012,WR,15,50,91,861,17,7,70,13,57,0,0,388,30,2012
PHI,Jeremy Maclin,2008,WR,15,69,122,857,12,7,70,12,57,1,1,281,36,2012
BAL,Torrey Smith,2011,WR,16,49,110,855,17,8,54,16,53,0,0,248,38,2012
PIT,Mike Wallace,2008,WR,15,64,119,836,13,8,82,9,56,2,1,276,33,2012
NYJ,Jeremy Kerley,2011,WR,16,56,96,827,15,2,66,14,52,2,1,312,31,2012
SD,Malcom Floyd,#N/A,WR,14,56,84,814,15,5,39,15,58,0,0,122,47,2012
CLE,Josh Gordon,#N/A,WR,16,50,96,805,16,5,71,12,50,1,1,312,40,2012
KC,Dwayne Bowe,#N/A,WR,13,59,114,801,14,3,47,11,62,1,1,247,43,2012
ARI,Larry Fitzgerald,#N/A,WR,16,71,153,798,11,4,37,9,50,0,0,284,44,2012
PIT,Antonio Brown,2010,WR,13,66,105,787,12,5,60,10,61,2,1,344,43,2012
GB,James Jones,#N/A,WR,16,64,98,784,12,14,49,11,49,0,0,236,45,2012
IND,Donnie Avery,#N/A,WR,16,60,125,781,13,3,48,9,49,1,0,213,37,2012
MIA,Davone Bess,#N/A,WR,13,61,104,778,13,1,39,11,60,1,0,267,38,2012
ARI,Andre Roberts,2010,WR,15,64,113,759,12,5,46,10,51,1,0,234,40,2012
SEA,Sidney Rice,#N/A,WR,16,50,80,748,15,7,46,11,47,0,0,164,37,2012
TEN,Nate Washington,#N/A,WR,16,46,89,746,16,4,71,14,47,1,0,247,31,2012
GB,Jordy Nelson,#N/A,WR,12,49,73,745,15,7,73,8,62,0,0,256,36,2012
OAK,Denarius Moore,2011,WR,15,51,115,741,15,7,58,12,49,1,0,267,33,2012
PHI,DeSean Jackson,2008,WR,11,45,85,700,16,2,77,9,64,1,0,244,30,2012
STL,Chris Givens,2012,WR,15,42,81,698,17,3,65,10,47,0,0,291,25,2012
NYG,Hakeem Nicks,2008,WR,13,53,100,692,13,3,50,12,53,0,0,215,35,2012
STL,Brandon Gibson,2009,WR,16,51,82,691,14,5,34,9,43,0,0,116,43,2012
SEA,Golden Tate,2010,WR,15,45,68,688,15,7,51,12,46,1,1,272,29,2012
MIN,Percy Harvin,2008,WR,9,62,85,677,11,3,45,8,75,0,0,509,36,2012
CAR,Brandon LaFell,2010,WR,14,44,76,677,15,4,62,13,48,1,0,312,31,2012
STL,Danny Amendola,#N/A,WR,11,63,101,666,11,3,56,5,61,2,2,263,38,2012
SD,Danario Alexander,2010,WR,10,37,62,658,18,7,80,9,66,0,0,299,29,2012
PHI,Jason Avant,#N/A,WR,14,53,76,648,12,0,39,8,46,1,0,167,32,2012
CLE,Greg Little,2019,WR,16,53,91,647,12,4,43,11,40,0,0,190,36,2012
WSH,Pierre Garcon,#N/A,WR,10,44,67,633,14,4,88,10,63,0,0,325,26,2012
PIT,Emmanuel Sanders,2010,WR,16,44,74,626,14,1,37,11,39,2,2,218,31,2012
TEN,Kendall Wright,2012,WR,15,64,104,626,10,4,38,6,42,1,1,330,38,2012
OAK,Darrius Heyward-Bey,2009,WR,15,41,80,606,15,5,59,8,40,0,0,240,25,2012
TEN,Kenny Britt,2009,WR,14,45,90,589,13,4,46,7,42,2,1,151,24,2012
OAK,Rod Streater,#N/A,WR,16,39,74,584,15,3,64,6,37,1,1,158,27,2012
WSH,Santana Moss,#N/A,WR,16,41,61,573,14,8,77,10,36,2,1,245,26,2012
NYG,Domenik Hixon,#N/A,WR,13,39,59,567,15,2,41,6,44,0,0,140,24,2012
ARI,Michael Floyd,2012,WR,16,45,86,562,13,2,53,6,35,1,1,161,26,2012
DEN,Brandon Stokley,#N/A,WR,15,45,58,544,12,5,38,8,36,0,0,144,30,2012
WSH,Leonard Hankerson,2011,WR,16,38,57,543,14,3,68,8,34,0,0,157,25,2012
CIN,Andrew Hawkins,#N/A,WR,14,51,80,533,11,4,59,5,38,1,0,351,24,2012
HOU,Kevin Walter,#N/A,WR,16,41,68,518,13,2,52,5,32,0,0,105,27,2012
WSH,Josh Morgan,#N/A,WR,16,48,73,510,11,2,32,4,32,1,0,236,29,2012
DET,Calvin Johnson,#N/A,WR,16,96,158,1681,18,16,73,32,105,1,1,524,77,2011
NE,Wes Welker,#N/A,WR,16,122,172,1569,13,9,99,21,98,0,0,732,77,2011
NYG,Victor Cruz,#N/A,WR,16,82,131,1536,19,9,99,25,96,1,1,595,59,2011
ARI,Larry Fitzgerald,#N/A,WR,16,80,153,1411,18,8,73,25,88,0,0,493,61,2011
CAR,Steve Smith,#N/A,WR,16,79,129,1394,18,7,77,29,87,3,2,474,53,2011
ATL,Roddy White,#N/A,WR,16,100,181,1296,13,8,43,18,81,0,0,364,77,2011
GB,Jordy Nelson,#N/A,WR,16,68,96,1263,19,15,93,19,79,0,0,418,47,2011
MIA,Brandon Marshall,2012,WR,16,81,145,1214,15,6,65,20,76,1,1,319,53,2011
PIT,Mike Wallace,2008,WR,16,72,113,1193,17,8,95,18,75,1,1,493,54,2011
NYG,Hakeem Nicks,2008,WR,15,76,133,1192,16,7,68,17,80,0,0,359,54,2011
KC,Dwayne Bowe,#N/A,WR,16,81,141,1159,14,5,52,19,72,1,0,359,57,2011
NO,Marques Colston,#N/A,WR,14,80,107,1143,14,8,50,15,82,1,1,265,55,2011
PIT,Antonio Brown,2010,WR,16,69,123,1108,16,2,79,18,69,0,0,342,57,2011
SD,Vincent Jackson,#N/A,WR,16,60,115,1106,18,9,58,21,69,0,0,224,54,2011
CIN,AJ Green,,WR,15,65,116,1057,16,7,58,19,71,0,0,292,43,2011
TEN,Nate Washington,#N/A,WR,16,74,121,1023,14,7,57,13,64,0,0,331,47,2011
BUF,Stevie Johnson,#N/A,WR,16,76,135,1004,13,7,55,13,63,0,0,325,45,2011
OAK,Darrius Heyward-Bey,2009,WR,15,64,115,975,15,4,58,14,65,1,1,282,44,2011
MIN,Percy Harvin,2008,WR,16,87,123,967,11,6,52,14,60,2,2,537,45,2011
STL,Brandon Lloyd,#N/A,WR,15,70,150,966,14,5,44,15,64,1,0,148,46,2011
PHI,DeSean Jackson,2008,WR,15,58,104,961,17,4,62,15,64,0,0,247,39,2011
IND,Reggie Wayne,#N/A,WR,16,75,131,960,13,4,56,12,60,0,0,276,50,2011
ATL,Julio Jones,2011,WR,13,54,96,959,18,8,80,16,74,1,1,415,34,2011
GB,Greg Jennings,#N/A,WR,13,67,101,949,14,9,79,13,73,0,0,309,43,2011
WSH,Jabar Gaffney,#N/A,WR,16,68,115,947,14,5,45,14,59,1,1,184,50,2011
IND,Pierre Garcon,#N/A,WR,16,70,134,947,14,6,87,9,59,2,2,360,42,2011
DAL,Dez Bryant,2010,WR,15,63,103,928,15,9,50,17,62,1,1,305,48,2011
BAL,Anquan Boldin,#N/A,WR,14,57,105,887,16,3,56,15,63,0,0,245,44,2011
SF,Michael Crabtree,2009,WR,15,72,114,874,12,4,52,12,58,0,0,363,40,2011
PHI,Jeremy Maclin,2008,WR,13,63,97,859,14,5,59,15,66,1,1,266,43,2011
DAL,Laurent Robinson,#N/A,WR,14,54,81,858,16,11,74,12,61,0,0,264,36,2011
SD,Malcom Floyd,#N/A,WR,12,43,70,856,20,5,52,16,71,0,0,193,41,2011
BAL,Torrey Smith,2011,WR,16,50,95,841,17,7,74,14,53,1,0,237,34,2011
SEA,Doug Baldwin,#N/A,WR,16,51,86,788,16,4,55,19,49,0,0,311,40,2011
KC,Steve Breaston,#N/A,WR,16,61,100,785,13,2,43,9,49,0,0,322,39,2011
TB,Mike Williams,2017,WR,16,65,124,771,12,3,42,9,48,2,2,236,41,2011
DET,Nate Burleson,#N/A,WR,16,73,110,757,10,3,47,7,47,1,1,406,36,2011
CHI,Johnny Knox,2009,WR,14,37,69,727,20,2,81,12,52,1,1,156,31,2011
CIN,Jerome Simpson,#N/A,WR,16,50,104,725,15,4,84,10,45,0,0,257,34,2011
CLE,Greg Little,2019,WR,16,61,121,709,12,2,76,6,44,0,0,249,35,2011
NE,Deion Branch,#N/A,WR,15,51,90,702,14,5,63,10,47,0,0,332,37,2011
ARI,Early Doucet,#N/A,WR,16,54,98,689,13,5,70,9,43,1,0,346,35,2011
PHI,Jason Avant,#N/A,WR,16,52,81,679,13,1,35,10,42,2,2,186,33,2011
BUF,David Nelson,#N/A,WR,16,61,98,658,11,5,35,7,41,0,0,210,32,2011
NYJ,Santonio Holmes,#N/A,WR,16,51,102,654,13,8,38,8,41,2,1,193,34,2011
GB,James Jones,#N/A,WR,16,38,55,635,17,7,70,11,40,1,0,285,27,2011
NO,Lance Moore,#N/A,WR,14,52,73,627,12,8,47,9,45,0,0,154,35,2011
NO,Robert Meachem,#N/A,WR,16,40,61,620,16,6,67,9,39,0,0,103,29,2011
OAK,Denarius Moore,2011,WR,13,33,76,618,19,5,78,12,48,0,0,135,26,2011
CAR,Brandon LaFell,2010,WR,16,36,56,613,17,3,91,13,38,0,0,216,23,2011
NYJ,Plaxico Burress,#N/A,WR,16,45,97,612,14,8,30,6,38,0,0,161,38,2011
DEN,Eric Decker,2010,WR,16,44,95,612,14,8,56,9,38,1,1,188,29,2011
DET,Titus Young,2011,WR,16,48,84,607,13,6,57,7,38,1,0,129,33,2011
TEN,Damian Williams,2010,WR,15,45,94,592,13,5,54,7,40,0,0,222,27,2011
ARI,Andre Roberts,2010,WR,16,51,98,586,12,2,45,7,37,1,0,230,29,2011
WSH,Santana Moss,#N/A,WR,12,46,96,584,13,4,49,10,49,0,0,189,35,2011
DAL,Miles Austin,#N/A,WR,10,43,73,579,14,7,53,9,58,0,0,209,31,2011
TB,Preston Parker,2010,WR,16,40,64,554,14,3,51,5,35,0,0,295,25,2011
DEN,Demaryius Thomas,2010,WR,11,32,70,551,17,4,47,9,50,0,0,110,24,2011
MIA,Brian Hartline,2009,WR,16,35,67,549,16,1,41,8,34,0,0,81,30,2011
MIA,Davone Bess,#N/A,WR,16,51,83,537,11,3,41,8,34,2,2,226,25,2011
NYG,Mario Manningham,#N/A,WR,12,39,77,523,13,4,47,4,44,0,0,102,25,2011
CLE,Joshua Cribbs,#N/A,WR,16,41,67,518,13,4,45,10,32,0,0,229,27,2011
IND,Austin Collie,2009,WR,16,54,98,514,10,1,27,6,32,0,0,221,35,2011
HOU,Jacoby Jones,#N/A,WR,16,31,64,512,17,2,80,9,32,0,0,152,23,2011
CHI,Roy Williams,#N/A,WR,15,37,63,507,14,2,25,5,34,0,0,111,29,2011
NO,Devery Henderson,#N/A,WR,16,32,50,503,16,2,79,6,31,1,0,165,22,2011
ATL,Harry Douglas,#N/A,WR,16,39,62,498,13,1,49,10,31,0,0,246,20,2011
HOU,Andre Johnson,#N/A,WR,7,33,51,492,15,2,50,10,70,0,0,133,23,2011
SEA,Sidney Rice,#N/A,WR,9,32,57,484,15,2,52,7,54,0,0,130,19,2011
HOU,Kevin Walter,#N/A,WR,15,39,59,474,12,3,41,7,32,0,0,136,26,2011
TEN,Lavelle Hawkins,#N/A,WR,16,47,76,470,10,1,32,5,29,1,0,198,23,2011
MIN,Devin Aromashodu,#N/A,WR,16,26,84,468,18,1,60,7,29,1,0,117,21,2011
CAR,Legedu Naanee,#N/A,WR,15,44,76,467,11,1,28,5,31,0,0,167,20,2011
MIN,Michael Jenkins,#N/A,WR,11,38,55,466,12,3,72,5,42,2,2,114,23,2011
DEN,Brandon Lloyd,#N/A,WR,16,77,153,1448,19,11,71,23,91,0,0,198,72,2010
ATL,Roddy White,#N/A,WR,16,115,179,1389,12,10,46,15,87,1,1,350,73,2010
IND,Reggie Wayne,#N/A,WR,16,111,173,1355,12,6,50,13,85,1,1,410,72,2010
GB,Greg Jennings,#N/A,WR,16,76,125,1265,17,12,86,21,79,2,0,415,52,2010
PIT,Mike Wallace,2008,WR,16,60,100,1257,21,10,56,26,79,1,0,364,48,2010
HOU,Andre Johnson,#N/A,WR,13,86,138,1216,14,8,60,18,94,1,0,328,59,2010
KC,Dwayne Bowe,#N/A,WR,16,72,132,1162,16,15,75,19,73,1,0,371,55,2010
ARI,Larry Fitzgerald,#N/A,WR,16,90,174,1137,13,6,41,14,71,0,0,187,59,2010
DET,Calvin Johnson,#N/A,WR,15,77,137,1120,15,12,87,16,75,1,0,329,57,2010
WSH,Santana Moss,#N/A,WR,16,93,146,1115,12,6,56,9,70,3,2,499,61,2010
BUF,Stevie Johnson,#N/A,WR,16,82,143,1073,13,10,45,11,67,1,1,401,61,2010
PHI,DeSean Jackson,#N/A,WR,14,47,97,1056,23,6,91,21,75,2,1,353,33,2010
NYG,Hakeem Nicks,2008,WR,13,79,128,1052,13,11,46,20,81,1,0,297,55,2010
DAL,Miles Austin,#N/A,WR,16,69,119,1041,15,7,69,17,65,1,1,437,50,2010
NO,Marques Colston,#N/A,WR,15,84,133,1023,12,7,43,12,68,0,0,275,57,2010
MIA,Brandon Marshall,2012,WR,14,86,147,1014,12,3,46,9,72,2,1,185,57,2010
CIN,Terrell Owens,#N/A,WR,14,72,139,983,14,9,78,15,70,0,0,269,47,2010
PHI,Jeremy Maclin,2008,WR,16,70,116,964,14,10,83,13,60,1,1,267,45,2010
TB,Mike Williams,2017,WR,16,65,127,964,15,11,58,18,60,3,2,334,44,2010
CHI,Johnny Knox,2009,WR,16,51,100,960,19,5,67,17,60,1,1,243,43,2010
NYG,Mario Manningham,#N/A,WR,16,60,92,944,16,9,92,19,59,1,1,343,32,2010
NYJ,Braylon Edwards,#N/A,WR,16,53,102,904,17,7,74,14,57,1,1,290,40,2010
DEN,Jabar Gaffney,#N/A,WR,16,65,112,875,14,2,50,12,55,1,0,203,42,2010
WSH,Anthony Armstrong,#N/A,WR,15,44,86,871,20,3,76,15,58,1,1,170,32,2010
MIN,Percy Harvin,2008,WR,14,71,110,868,12,5,53,14,62,0,0,400,41,2010
NE,Wes Welker,#N/A,WR,15,86,122,848,10,7,35,6,57,0,0,411,47,2010
BAL,Anquan Boldin,#N/A,WR,16,64,108,837,13,7,61,10,52,1,1,237,43,2010
CIN,Chad Johnson,#N/A,WR,14,67,125,831,12,4,42,8,59,0,0,186,47,2010
MIA,Davone Bess,#N/A,WR,16,79,125,820,10,5,29,8,51,0,0,316,43,2010
JAX,Mike Thomas,2009,WR,16,66,102,820,12,4,50,13,51,0,0,299,38,2010
SEA,Deion BranchNE/,#N/A,WR,15,61,92,818,13,6,79,10,55,1,1,272,43,2010
BAL,Derrick Mason,#N/A,WR,16,61,100,802,13,7,42,9,50,0,0,131,44,2010
IND,Pierre Garcon,#N/A,WR,14,67,119,784,12,6,57,7,56,0,0,254,41,2010
TEN,Kenny Britt,2009,WR,12,42,73,775,19,9,80,12,65,1,1,124,33,2010
NO,Lance Moore,#N/A,WR,16,66,95,763,12,8,80,7,48,1,1,276,40,2010
PIT,Hines Ward,#N/A,WR,16,59,94,755,13,5,43,14,47,1,1,251,35,2010
SEA,Mike Williams,2017,WR,14,65,110,751,12,2,68,8,54,0,0,214,40,2010
NYJ,Santonio Holmes,#N/A,WR,12,52,94,746,14,6,52,11,62,0,0,229,36,2010
SF,Michael Crabtree,2009,WR,16,55,101,741,14,6,60,10,46,0,0,298,40,2010
ARI,Steve Breaston,#N/A,WR,13,47,88,718,15,1,37,15,55,0,0,167,32,2010
SD,Malcom Floyd,#N/A,WR,11,37,77,717,19,6,55,12,65,1,0,118,33,2010
SF,Josh Morgan,#N/A,WR,16,44,80,698,16,2,65,12,44,1,1,275,27,2010
STL,Danny Amendola,#N/A,WR,16,85,123,689,8,3,36,2,43,1,1,374,35,2010
TEN,Nate Washington,#N/A,WR,16,42,94,687,16,6,71,11,43,0,0,115,34,2010
GB,James Jones,#N/A,WR,16,50,87,679,14,5,66,8,42,3,1,301,33,2010
IND,Austin Collie,2009,WR,9,58,71,649,11,8,73,9,72,1,1,296,32,2010
NO,Robert Meachem,#N/A,WR,16,44,66,638,15,5,55,10,40,0,0,129,27,2010
DEN,Eddie Royal,#N/A,WR,16,59,105,627,11,3,41,8,39,1,0,381,32,2010
DET,Nate Burleson,#N/A,WR,14,55,86,625,11,6,58,8,45,2,2,296,32,2010
HOU,Kevin Walter,#N/A,WR,16,51,80,621,12,5,35,8,39,0,0,134,33,2010
STL,Brandon Gibson,2009,WR,14,53,91,620,12,2,41,6,44,0,0,211,33,2010
MIA,Brian Hartline,2009,WR,12,43,73,615,14,1,54,10,51,1,1,221,27,2010
OAK,Louis Murphy,2009,WR,14,41,78,609,15,2,70,10,44,2,1,215,27,2010
CIN,Jordan Shipley,2010,WR,15,52,75,600,12,3,64,7,40,0,0,202,30,2010
GB,Jordy Nelson,#N/A,WR,16,45,64,582,13,2,80,7,36,1,1,257,25,2010
BUF,Lee Evans,#N/A,WR,13,37,82,578,16,4,54,9,45,2,1,127,26,2010
PHI,Jason Avant,#N/A,WR,16,51,76,573,11,1,34,8,36,0,0,187,31,2010
GB,Donald Driver,#N/A,WR,15,51,84,565,11,4,61,6,38,1,1,180,29,2010
HOU,Jacoby Jones,#N/A,WR,15,51,79,562,11,3,47,6,38,1,0,229,31,2010
JAX,Mike Sims-Walker,#N/A,WR,14,43,79,562,13,7,39,11,40,1,1,134,33,2010
CHI,Earl Bennett,#N/A,WR,14,46,70,561,12,3,48,7,40,1,0,212,27,2010
DAL,Dez Bryant,2010,WR,12,45,72,561,13,6,46,8,47,0,0,208,27,2010
CAR,Steve Smith,#N/A,WR,14,46,102,554,12,2,39,7,40,2,2,221,24,2010
DAL,Roy Williams,#N/A,WR,15,37,64,530,14,5,63,11,35,3,2,217,25,2010
NYG,Steve Smith,#N/A,WR,9,48,75,529,11,3,45,4,59,0,0,109,29,2010
SD,Patrick Crayton,#N/A,WR,9,28,42,514,18,1,49,9,57,0,0,220,24,2010
CAR,David Alexander Gettis,#N/A,WR,15,37,67,508,14,3,88,8,34,0,0,163,24,2010
ATL,Michael Jenkins,#N/A,WR,11,41,73,505,12,2,43,6,46,0,0,81,29,2010
SEA,Ben Obomanu,#N/A,WR,15,30,50,494,17,4,87,7,33,0,0,182,17,2010
CLE,Mohamed Massaquoi,2009,WR,15,36,75,483,13,2,41,7,32,1,1,132,24,2010
HOU,Andre Johnson,#N/A,WR,16,101,170,1569,16,9,72,22,98,1,0,532,69,2009
NE,Wes Welker,#N/A,WR,14,123,162,1348,11,4,58,8,96,1,0,709,71,2009
DAL,Miles Austin,#N/A,WR,16,81,125,1320,16,11,60,21,83,1,0,588,59,2009
MIN,Sidney Rice,#N/A,WR,16,83,122,1312,16,8,63,19,82,1,1,358,59,2009
NE,Randy Moss,#N/A,WR,16,83,138,1264,15,13,71,18,79,2,1,340,62,2009
IND,Reggie Wayne,#N/A,WR,16,100,149,1264,13,10,65,20,79,0,0,426,73,2009
PIT,Santonio Holmes,#N/A,WR,16,79,138,1248,16,5,57,21,78,0,0,491,63,2009
NYG,Steve Smith,#N/A,WR,16,107,159,1220,11,7,51,14,76,0,0,237,61,2009
PIT,Hines Ward,#N/A,WR,16,95,136,1167,12,6,54,15,73,2,1,415,56,2009
SD,Vincent Jackson,#N/A,WR,15,68,107,1167,17,9,55,17,78,0,0,222,58,2009
PHI,DeSean Jackson,#N/A,WR,15,62,117,1156,19,9,71,18,77,2,1,406,40,2009
ATL,Roddy White,#N/A,WR,16,85,165,1153,14,11,90,13,72,1,0,371,54,2009
DEN,Brandon Marshall,2012,WR,15,101,154,1120,11,10,75,11,75,0,0,503,56,2009
GB,Greg Jennings,#N/A,WR,16,68,118,1113,16,4,83,16,70,0,0,465,48,2009
ARI,Larry Fitzgerald,#N/A,WR,16,97,153,1092,11,13,34,12,68,0,0,285,69,2009
NO,Marques Colston,#N/A,WR,16,70,106,1074,15,9,68,18,67,2,2,354,54,2009
GB,Donald Driver,#N/A,WR,16,70,112,1061,15,6,71,15,66,2,1,372,49,2009
CIN,Chad Johnson,#N/A,WR,16,72,128,1047,15,9,50,15,65,2,2,232,55,2009
BAL,Derrick Mason,#N/A,WR,16,73,132,1028,14,7,72,9,64,0,0,260,55,2009
ARI,Anquan Boldin,#N/A,WR,15,84,126,1024,12,4,44,10,68,3,2,355,49,2009
DET,Calvin Johnson,#N/A,WR,14,67,136,984,15,5,75,15,70,3,2,334,46,2009
CAR,Steve Smith,#N/A,WR,15,65,130,982,15,7,66,15,66,1,0,315,41,2009
SEA,TJ Houshmandzadeh,#N/A,WR,16,79,135,911,12,3,53,11,57,2,1,271,52,2009
WSH,Santana Moss,#N/A,WR,16,70,121,902,13,3,59,14,56,2,1,382,40,2009
JAX,Mike Sims-Walker,#N/A,WR,15,63,110,869,14,7,61,12,58,2,1,244,43,2009
BUF,Terrell Owens,#N/A,WR,16,55,109,829,15,5,98,9,52,1,0,245,33,2009
NYG,Mario Manningham,#N/A,WR,14,57,99,822,14,5,49,15,59,1,1,256,41,2009
NYJ,Jerricho Cotchery,#N/A,WR,14,57,96,821,14,3,53,13,59,0,0,289,44,2009
SEA,Nate Burleson,#N/A,WR,13,63,103,812,13,3,44,10,63,2,2,274,42,2009
NO,Devery Henderson,#N/A,WR,16,51,83,804,16,2,75,11,50,0,0,283,33,2009
MIN,Percy Harvin,2008,WR,15,60,91,790,13,6,51,12,53,1,0,358,42,2009
NYG,Hakeem Nicks,2008,WR,14,47,75,790,17,6,68,13,56,2,0,411,32,2009
SD,Malcom Floyd,#N/A,WR,16,45,76,776,17,1,53,13,49,0,0,127,36,2009
PHI,Jeremy Maclin,2008,WR,15,56,91,773,14,4,56,11,52,0,0,244,34,2009
IND,Pierre Garcon,#N/A,WR,14,47,91,765,16,4,66,13,55,1,0,285,33,2009
MIA,Davone Bess,#N/A,WR,16,76,113,758,10,2,34,6,47,2,1,309,48,2009
CHI,Devin Hester,#N/A,WR,13,57,91,757,13,3,48,12,58,1,1,286,34,2009
PIT,Mike Wallace,2008,WR,16,39,72,756,19,6,60,14,47,1,1,134,28,2009
DEN,Jabar Gaffney,#N/A,WR,16,54,88,732,14,2,49,12,46,0,0,261,36,2009
SD,Chris Chambers,#N/A,WR,16,45,92,730,16,5,61,11,46,0,0,187,32,2009
JAX,Torry Holt,#N/A,WR,15,51,103,722,14,0,63,6,48,1,1,112,35,2009
NO,Robert Meachem,#N/A,WR,16,45,64,722,16,9,54,12,45,2,1,175,30,2009
CHI,Earl Bennett,#N/A,WR,16,54,88,717,13,2,71,15,45,1,0,319,32,2009
ARI,Steve Breaston,#N/A,WR,15,55,82,712,13,3,45,12,48,0,0,163,33,2009
TEN,Kenny Britt,2009,WR,16,42,75,701,17,3,57,10,44,1,1,176,34,2009
NYJ,Braylon Edwards,#N/A,WR,16,45,95,680,15,4,65,11,43,1,1,188,37,2009
IND,Austin Collie,2009,WR,16,60,90,676,11,7,39,11,42,0,0,248,37,2009
ATL,Michael Jenkins,#N/A,WR,15,50,90,635,13,1,50,12,42,0,0,118,29,2009
SF,Michael Crabtree,2009,WR,11,48,86,625,13,2,50,10,57,1,1,196,27,2009
CLE,Mohamed Massaquoi,2009,WR,16,34,94,624,18,3,59,11,39,1,1,161,24,2009
DAL,Patrick Crayton,#N/A,WR,16,37,67,622,17,5,80,8,39,0,0,267,27,2009
MIN,Bernard Berrian,#N/A,WR,16,55,92,618,11,4,40,5,39,0,0,200,35,2009
BUF,Lee Evans,#N/A,WR,16,44,95,612,14,7,50,10,38,0,0,94,27,2009
HOU,Kevin Walter,#N/A,WR,14,53,70,611,12,2,41,7,44,0,0,117,33,2009
TB,Antonio Bryant,#N/A,WR,13,39,86,600,15,4,42,14,46,0,0,137,25,2009
DAL,Roy Williams,#N/A,WR,15,38,88,596,16,7,66,9,40,1,1,208,29,2009
KC,Dwayne Bowe,#N/A,WR,11,47,87,589,13,4,41,8,54,1,0,166,31,2009
STL,Donnie Avery,#N/A,WR,16,47,97,589,13,5,50,9,37,1,1,261,28,2009
PHI,Jason Avant,#N/A,WR,16,41,60,587,14,3,58,11,37,1,0,200,26,2009
CAR,Muhsin Muhammad,#N/A,WR,14,53,89,581,11,1,27,7,42,0,0,131,32,2009
TEN,Nate Washington,#N/A,WR,16,47,95,569,12,6,35,6,36,1,0,91,34,2009
MIA,Greg Camarillo,#N/A,WR,16,50,71,552,11,0,29,5,35,0,0,112,29,2009
WSH,Antwaan Randle El,#N/A,WR,16,50,75,530,11,0,44,4,33,1,0,199,33,2009
SF,Josh Morgan,#N/A,WR,16,52,81,527,10,3,61,6,33,0,0,240,20,2009
CHI,Johnny Knox,2009,WR,15,45,80,527,12,5,68,7,35,0,0,140,22,2009
OAK,Louis Murphy,2009,WR,16,34,96,521,15,4,75,6,33,0,0,133,26,2009
CIN,Laveranues Coles,#N/A,WR,16,43,77,514,12,5,40,8,32,0,0,188,29,2009
MIA,Brian Hartline,2009,WR,16,31,56,506,16,3,67,7,32,0,0,171,26,2009
BAL,Mark Clayton,#N/A,WR,14,34,74,480,14,2,54,8,34,1,1,80,24,2009
MIA,Ted Ginn ,#N/A,WR,16,38,78,454,12,1,53,3,28,0,0,44,25,2009
JAX,Mike Thomas,2009,WR,14,48,63,453,9,1,28,7,32,0,0,211,28,2009
GB,James Jones,#N/A,WR,16,32,63,440,14,5,74,6,28,0,0,186,16,2009
SEA,Deion Branch,#N/A,WR,14,45,79,437,10,2,35,4,31,0,0,190,17,2009
HOU,Jacoby Jones,#N/A,WR,14,27,40,437,16,6,45,7,31,0,0,138,19,2009
